{
  "rewrites": [
    { "source": "/api/(.*)", "destination": "https://goldeouro-backend-v2.fly.dev/api/$1" },
    { "source": "/health", "destination": "https://goldeouro-backend-v2.fly.dev/health" },
    { "source": "/version", "destination": "https://goldeouro-backend-v2.fly.dev/version" },
    { "source": "/readiness", "destination": "https://goldeouro-backend-v2.fly.dev/readiness" },
    { "source": "/(.*)", "destination": "/index.html" }
  ],
  "env": {
    "VITE_API_URL": "/api",
    "VITE_APP_ENV": "production",
    "VITE_USE_MOCKS": "false",
    "VITE_USE_SANDBOX": "false",
    "VITE_LOG_LEVEL": "error"
  },
  "headers": [
    {
      "source": "/(.*)",
      "headers": [
        {
          "key": "X-Content-Type-Options",
          "value": "nosniff"
        },
        {
          "key": "X-Frame-Options",
          "value": "SAMEORIGIN"
        },
        {
          "key": "X-XSS-Protection",
          "value": "1; mode=block"
        },
        {
          "key": "Referrer-Policy",
          "value": "strict-origin-when-cross-origin"
        },
        {
          "key": "Strict-Transport-Security",
          "value": "max-age=31536000; includeSubDomains; preload"
        },
        {
          "key": "Content-Security-Policy",
          "value": "default-src 'self'; script-src 'self' 'unsafe-inline' 'unsafe-eval'; style-src 'self' 'unsafe-inline'; img-src 'self' data: https:; font-src 'self' data:; connect-src 'self' data: blob: https://goldeouro-backend-v2.fly.dev; media-src 'self' data: blob:; object-src 'none'; frame-ancestors 'self'; base-uri 'self'"
        }
      ]
    },
    {
      "source": "/assets/(.*)",
      "headers": [
        {
          "key": "Cache-Control",
          "value": "public, max-age=31536000, immutable"
        },
        {
          "key": "CDN-Cache-Control",
          "value": "public, max-age=31536000"
        }
      ]
    },
    {
      "source": "/manifest.webmanifest",
      "headers": [
        { "key": "Content-Type", "value": "application/manifest+json" },
        { "key": "Cache-Control", "value": "no-cache" }
      ]
    },
    {
      "source": "/sw.js",
      "headers": [
        { "key": "Cache-Control", "value": "no-cache" }
      ]
    },
    {
      "source": "/assets/(.*)",
      "headers": [
        {
          "key": "Cache-Control",
          "value": "public, max-age=31536000, immutable"
        },
        {
          "key": "CDN-Cache-Control",
          "value": "public, max-age=31536000"
        }
      ]
    }
  ]
}