{
  "rewrites": [
    { "source": "/api/auth/(.*)", "destination": "https://goldeouro-backend-v2.fly.dev/auth/$1" },
    { "source": "/api/(.*)", "destination": "https://goldeouro-backend-v2.fly.dev/api/$1" },
    { "source": "/(.*)", "destination": "/index.html" }
  ],
  "headers": [
    {
      "source": "/(.*)",
      "headers": [
        {
          "key": "Content-Security-Policy",
          "value": "default-src 'self'; script-src 'self' 'unsafe-inline' 'unsafe-eval'; style-src 'self' 'unsafe-inline'; img-src 'self' data: https:; font-src 'self' data:; connect-src 'self' data: blob: https://goldeouro-backend-v2.fly.dev; media-src 'self' data: blob:; object-src 'none'; frame-ancestors 'self'; base-uri 'self'"
        }
      ]
    },
    {
      "source": "/manifest.webmanifest",
      "headers": [
        { "key": "Content-Type", "value": "application/manifest+json" },
        { "key": "Cache-Control", "value": "no-cache" }
      ]
    },
    {
      "source": "/sw.js",
      "headers": [
        { "key": "Cache-Control", "value": "no-cache" }
      ]
    }
  ]
}