{
  "name": "goldeouro-backend",
  "version": "1.0.0",
  "description": "Backend do jogo Gol de Ouro - ULTRA-OTIMIZADO",
  "main": "server-ultra-optimized.js",
  "scripts": {
    "start": "node server-ultra-optimized.js",
    "dev": "nodemon server-ultra-optimized.js",
    "test": "node test-db.js"
  },
  "author": "Fred S. Silva",
  "license": "MIT",
  "dependencies": {
    "express": "^4.18.2",
    "cors": "^2.8.5",
    "body-parser": "^1.20.2",
    "pg": "^8.16.3",
    "bcryptjs": "^3.0.2",
    "jsonwebtoken": "^9.0.2",
    "mercadopago": "^2.8.0",
    "dotenv": "^16.3.1",
    "envalid": "^2.0.0"
  },
  "devDependencies": {
    "nodemon": "^3.1.10"
  },
  "engines": {
    "node": ">=18.0.0",
    "npm": ">=8.0.0"
  }
}
